price,AD ID,Location,Delivery,Negotiable,Ads Posted,Ads Expiry,Type,Living Room,Floor,Bathroom,Bedroom,Road Type,Features,Land Size (Aana/Dhur),Buildup (Sqr. Ft.),Furnishing,Kitchen,Road Size,url,Land Mark,Used For
"रू. 2,75,00,000",HB-3EC7BB,"All Core Kathmandu, Kathmandu",Available,Not Negotiable,9 months ago,2023-06-30,House - Individual,2,2.5,5,5,Gravel,Residential,3.5,1500,Semi,2,9 - 12 Ft.,https://hamrobazaar.com/for-sale-house/flat-system-house-at-satungal-in-kathmandu/3ec7bb6b3bc3422dbcffc2c012815c7e,,
"रू. 2,90,00,000",HB-2B4599,"Nakhipot, Lalitpur",Not Available,Negotiable,11 months ago,2024-08-14,House - Individual,2,2.5,4,4,Soil (Mato),Brand New House,3,1200,Non,2,Above 20 Ft.,https://hamrobazaar.com/for-sale-house/25-talle-3-anna-build-new-house-sale-at-nakhipot-in-lalitpur/2b4599dceb674153a9eb4bfbd5c909c3,Nakhipot,
"रू. 5,75,00,000",HB-E6CF6E,"Bal Kumari Marg, Kharel Tol, Lazimpat",Not Available,Negotiable,9 months ago,2023-07-31,House - Individual,3,4,8,8,Gravel,,6,2000,Semi,3,13 - 20 Ft.,https://hamrobazaar.com/for-sale-house/samakhusi-new-house-in-nepal/e6cf6e6c3c244fe091101795a46e6b0d,,
"रू. 3,10,00,000",HB-4F66A9,"chabil cabahil, Chabahil, Kathmandu",Not Available,Not Negotiable,6 days ago,2025-06-24,HouseIndividual,2,2.5,3,6,Gravel,,3.5,2345,Full,3,ThirteenToTwentyFeet,https://hamrobazaar.com/for-sale-house/house-on-sale-on-chabahil-in-kathmandu/4f66a9868d3a44c0b06fc75a59bc3b66,,
"रू. 2,60,00,000",HB-F62CAD,"सुन्दर टोल मार्ग, सानेपा",Not Available,Not Negotiable,30 days ago,2023-10-31,House - Individual,2,3,2,6,Pitched,,4,2500,Non,2,9 - 12 Ft.,https://hamrobazaar.com/for-sale-house/ghar-ko-mulaya-navko-ghar-bkri-ma-at-sanepa-in-nepal/f62cad5140df43eeaf1c9e4528c16b2c,,
"रू. 4,60,00,000",HB-483EC6,"budanilkantha, Budhanilkantha, Kathmandu",Available,Negotiable,7 months ago,2023-07-31,House - Individual,0,2.5,3,6,Gravel,,7,0,Non,2,9 - 12 Ft.,https://hamrobazaar.com/for-sale-house/house-on-sale-at-wasik-in-kathmandu/483ec6561cec499da64c7b5110bb3743,,
"रू. 3,00,00,000",HB-9ACD70,"सीतापाखा, Imadol",Not Available,Negotiable,3 months ago,2030-04-17,House - Individual,2,3,4,5,Soil (Mato),,5,0,Full,2,13 - 20 Ft.,https://hamrobazaar.com/for-sale-house/imadol-cozy-homes-highway-najeek-in-nepal/9acd70de133d4a72a7528348c7d6b00a,,
"रू. 4,25,00,000",HB-9FA2E2,Imadol,Not Available,Negotiable,9 months ago,2024-02-29,House - Individual,2,0,4,5,Pitched,,4,0,Full,2,13 - 20 Ft.,https://hamrobazaar.com/for-sale-house/imadol-shital-height-highway-najeek-in-nepal/9fa2e27264184228bd59ec7452e86fd5,,
"रू. 4,80,00,000",HB-37A3EA,Kathmandu > Sukedhara Area,Not Available,Negotiable,1 years ago,2024-08-22,Bunglow,2,3,5,6,Pitched,,6aana,,Semi,2,13 - 20 Ft.,https://hamrobazaar.com/for-sale-house/for-sell-house-in-kathmandu/37a3eaeb2f05491ebf017ad6f5fe7d85,,
"रू. 11,50,00,000",HB-74F3FD,"Red Cross Road, Kalimati, Kalanki",Not Available,Negotiable,9 months ago,2023-07-27,House - Individual,5,5,5,15,Pitched,,3,800,Non,5,13 - 20 Ft.,https://hamrobazaar.com/for-sale-house/kalimati-ma-5-tale-ghar-in-nepal/74f3fd09dc4a46dfa7e68a028f78265e,,
"रू. 2,20,00,000",HB-4D618E,"Siddhipur Thaiba Road, Safal Tol, Harisiddhi, Lalitpur Metropolitan City, Lalitpur, Bagmati Pradesh, 41700, Nepal",Not Available,Negotiable,4 days ago,2023-07-12,HouseIndividual,2,2.5,3,4,Gravel,,0.3.0.0,600,Full,1,ThirteenToTwentyFeet,https://hamrobazaar.com/for-sale-house/brand-new-house-for-sell-in-lalitpur/4d618e56e50a49ecb92e96d30c0d4abd,Bhatbhatini,
"रू. 3,15,00,000",HB-FE303F,"सीतापाखा, इमाडोल",Not Available,Negotiable,29 days ago,2023-06-17,House - Individual,2,3,4,5,Soil (Mato),,0312,0,Full,2,13 - 20 Ft.,https://hamrobazaar.com/for-sale-house/booking-stage-in-nepal/fe303fd9fc284575b538554af394acec,,
"रू. 10,00,00,000",HB-BF4EB9,"chabil cabahil, Chabahil, Kathmandu",Not Available,Negotiable,2 months ago,2023-06-15,HouseIndividual,2,2.5,6,8,Pitched,,10 aana,0,Non,2,ThirteenToTwentyFeet,https://hamrobazaar.com/for-sale-house/house-on-sale-at-chabahil-in-kathmandu/bf4eb9f68053404bb0217b00cf80eeb0,,
"रू. 95,00,000",HB-379AD3,"Bisankhunarayan, Godawari, ललितपुर, Bagmati Pradesh, नेपाल",Not Available,Negotiable,7 months ago,2023-09-30,House - Individual,1,1,1,2,Gravel,,3,2079,Full,1,Above 20 Ft.,https://hamrobazaar.com/for-sale-house/house-for-sale-at-bistachap-godawari-in-nepal/379ad3c972524d8ba8828c727a429cc6,,
"रू. 3,55,00,000",HB-C6EE01,"Samakhusi, Kathmandu",Not Available,Not Negotiable,10 days ago,2023-07-06,HouseIndividual,2,2.5,4,6,Pitched,,0-3-2-0,1,Non,2,ThirteenToTwentyFeet,https://hamrobazaar.com/for-sale-house/house-on-sale-near-crs-tokha-road-in-kathmandu/c6ee01c157644a0f9079f404e762a5e4,,
"रू. 4,70,00,000",HB-F3F3A0,"Lokanthali, Bhaktapur",Not Available,Negotiable,20 days ago,2023-06-26,HouseIndividual,O,3.5,O,O,Pitched,O,7.1,O,Non,O,NineToTwelveFeet,https://hamrobazaar.com/for-sale-house/lokanthali-bigmart-najik-71anna-ghar-bikrima-in-bhaktapur/f3f3a02dcd2e4985b98b03b38491213b,Near bigmart,O
"रू. 5,50,00,000",HB-2990016,Kathmandu > Jorpati (Gokarneshwar),Not Available,Negotiable,1 years ago,2023-08-31,,1,3.5,5,9,Pitched,"3, Parking Space",12,,Non,,9 to 12 feet,https://hamrobazaar.com/for-sale-house/for-sale-flat-system-house-in-jorpati-in-kathmandu/8daa563e49e1412e80f49d378673b59f,"Jorpati, KTM",12 year
"रू. 2,20,00,000",HB-C1A47C,"manmaiju, Manamaiju (Tarkeshwar), Kathmandu",Not Available,Not Negotiable,4 months ago,2023-06-20,HouseIndividual,1,2.5,5,7,Gravel,,0-4-0-0,800,Full,3,NineToTwelveFeet,https://hamrobazaar.com/for-sale-house/house-on-sale-manmaiju-in-kathmandu/c1a47c1720b14043bed2cca00d28083f,,
"रू. 1,65,00,000",HB-F29C4B,"Thankot, Chandragiri, Chandragiri Municipality, Kathmandu, Bagmati Pradesh, 44619, Nepal",Not Available,Not Negotiable,2 months ago,2024-02-29,HouseIndividual,1,3,3,4,Pitched,,2.5 aana,1685,Non,1,NineToTwelveFeet,https://hamrobazaar.com/for-sale-house/house-for-sale-in-thankot-in-kathmandu/f29c4b57e3e441c1ad0c0658061232f9,,
"रू. 2,48,00,000",HB-959EE4,"Balkhu, Kathmandu",Available,Not Negotiable,12 months ago,2023-07-31,House In a Colony,1,2.5,3,3,Pitched,,2 Anna 3 Paisa 1.16 Daam,,Semi,1,13 - 20 Ft.,https://hamrobazaar.com/for-sale-house/bungalow-for-sale-in-kathmandu/959ee41f75294afa89ae626a22c51898,,Brand New
"रू. 2,60,00,000",HB-A06D59,"Hattigauda, Budhanilkantha, Kathmandu, Nepal",Available,Negotiable,1 years ago,2023-12-18,House - Individual,1,2.5,4,4,Pitched,,3.2,,,1,9 - 12 Ft.,https://hamrobazaar.com/for-sale-house/house-on-sale-at-hattigauda-in-kathmandu/a06d596bd8594406b6fe49d32b264272,,
"रू. 5,41,00,000",HB-2695829,Kathmandu > Ramkot (Nagarjun),Available,Negotiable,2 years ago,2023-12-12,,1,3.5,4,4,Pitched,"2, 3, 6, 9, 10, Garden, Parking Space, Security Guards, Swimming Pool, Gymnasium",7,2400,Non,,Above 20 feet,https://hamrobazaar.com/for-sale-house/brihat-community-living-ramkot-29-as-in-kathmandu/1253904622cc43d7a2bb3bb9c609a1e5,"Ramkot , Phasku",0 month
"रू. 4,35,00,000",HB-765953,"Golfutar (Budhanilkantha), Kathmandu",Not Available,Negotiable,24 days ago,2023-07-16,HouseInColony,1,2.5,3(1 Attached),3,Pitched,"Located At Peaceful Area and Garden, Parking Space also available",4.5 aana,N/A,Semi,1,ThirteenToTwentyFeet,https://hamrobazaar.com/for-sale-house/residential-house-on-sale-at-golfutar-santa-colony-in-kathmandu/765953ca8fb844e5ba123e5be46953bd,300m from Golfutar Chowk,
"रू. 2,55,00,000",HB-2EA531,"सीतापाखा, Imadol",Not Available,Negotiable,3 months ago,2032-04-05,House - Individual,2,3,4,5,Soil (Mato),,3,0,Full,2,13 - 20 Ft.,https://hamrobazaar.com/for-sale-house/imadol-w-bhatta-nayabasti-in-nepal/2ea531a2d6474c2aae50f251f5812026,,
"रू. 3,32,00,000",HB-A33A06,"Galkopakha, Golkopakha (Shorakhutte), Kathmandu",Not Available,Not Negotiable,6 months ago,2023-06-30,HouseIndividual,1,6,3,5,Pitched,,1.1.2,376.475,Non,1,AboveTwentyFeet,https://hamrobazaar.com/for-sale-house/house-for-sale-at-galkopakha-mani-road-samakhusi-in-kathmandu/a33a06cabfae4f549eaee5a487cb5782,,
"रू. 1,75,00,000",HB-14B056,"Airport Pokhara, Kaski (Pokhara)",Available,Negotiable,12 months ago,2023-11-18,House - Individual,1,2\5,3,8,Pitched,,4,,Full,2,Above 20 Ft.,https://hamrobazaar.com/for-sale-house/house-on-sell-pokhara-14-majeri-patan-in-kaski/14b0564c0b214e188d368a2e65e2dcde,,
"रू. 6,50,00,000",HB-1B9890,"mandhikatar, Mandikatar (Dhumbarahi), Kathmandu",Not Available,Negotiable,3 months ago,2023-07-14,HouseIndividual,1,3,4,5,Pitched,,25000,25000,Full,1,ThirteenToTwentyFeet,https://hamrobazaar.com/for-sale-house/house-for-sale-in-mandikatar-kathmandu-in-bara/1b9890af766e462599a1d8c5f7df6b57,,
"रू. 6,15,00,000",HB-306AD7,"Mahila Ghar Marg, Sainbu, Lalitpur Metropolitan City, Lalitpur, Bagmati Pradesh, 13775, Nepal",Not Available,Negotiable,2 months ago,2023-11-10,HouseIndividual,1,2,5,4,Pitched,,6 ana,2053,Non,1,ThirteenToTwentyFeet,https://hamrobazaar.com/for-sale-house/bhaisipati-house-for-sale-in-lalitpur/306ad71d2e6141f093699dc2cec3d3e5,,
"रू. 10,00,00,000",HB-2225839,Kathmandu > Baluwatar,Not Available,Negotiable,3 years ago,2024-02-29,,1,2.5,3,4,Pitched,"2, 3, Garden, Parking Space",13,,Non,,13 to 20 feet,https://hamrobazaar.com/for-sale-house/baluwatar-13-ana-land-on-sale-with-old-bungalow-in-kathmandu/8b6caa0ff03c450a973c4d07fad212aa,Baluwatar,
"रू. 2,50,00,000",HB-CFEEAC,"Tikathali (Mahalaxmi), Lalitpur",Available,Not Negotiable,8 months ago,2023-12-12,House - Individual,0,2.5,0,0,Pitched,,3.1,0,Full,0,13 - 20 Ft.,https://hamrobazaar.com/for-sale-house/house-on-sale-at-tikathali-nearby-petrol-pumb-in-lalitpur/cfeeacad7cb34e70b78fffeba73f9309,,
"रू. 2,60,00,000",HB-F71668,"Lalitpur City, Lalitpur",Not Available,Not Negotiable,4 months ago,2025-04-04,HouseInColony,1,2.5,3,5,Pitched,,3 Aana 3 Dam,1200,Non,1,ThirteenToTwentyFeet,https://hamrobazaar.com/for-sale-house/house-for-sale-at-harisidhhi-lalitpur-in-lalitpur/f716687ec9af475c949facb19c645526,Harisiddhi,
"रू. 4,25,00,000",HB-24B230,Dharampur,Not Available,Negotiable,10 months ago,2023-08-31,House - Individual,3,3,6,5,Pitched,parking,4,1300,Semi,2,13 - 20 Ft.,https://hamrobazaar.com/for-sale-house/house-on-sale-semi-bangla-hepali-in-nepal/24b23017d8274eca958b6824eefc4d15,,
"रू. 78,00,000",HB-E1EE0A,"Kanti Path, त्रिपुरेश्वर",Not Available,Negotiable,26 days ago,2023-10-29,House - Semi Commercial,2,3,3,8,Pitched,,8,2900,Non,2,9 - 12 Ft.,https://hamrobazaar.com/for-sale-house/8-aanaa-land-with-free-house-tripureshwar-on-sale-in-nepal/e1ee0a28df124699b207e92dd756d540,tripureshwar,
"रू. 10,00,00,000",HB-C38A11,"budanilkantha, Budhanilkantha, Kathmandu",Not Available,Negotiable,2 months ago,2023-06-30,Bunglow,11,2.5,4,5,Pitched,,16ana,2500,Semi,1,ThirteenToTwentyFeet,https://hamrobazaar.com/for-sale-house/bungolow-house-for-sale-at-budhanilkantha-ktm-in-kathmandu/c38a11ab44124b2abac4d118fa6594aa,,
"रू. 2,30,00,000",HB-CD8327,"Talchhikhel Naya Basti Bodhigram Gwarko Nakhipot Hattiban Khumaltar, Satdobato Area, Lalitpur",Available,Negotiable,7 months ago,2025-03-10,House - Individual,2,2.5,3,7,Gravel,"Spacious Parking, Puja Room",3,1200,Non,2,13 - 20 Ft.,https://hamrobazaar.com/for-sale-house/house-for-sale-at-imadol-tikathali-in-lalitpur/cd8327b5aa0740498801d943acf921ec,Imadol Highway 400m,
"रू. 3,40,00,000",HB-A80A8C,"Dharmasthali (Tarkeshwar), Kathmandu",Available,Not Negotiable,8 months ago,2023-12-12,House - Individual,-2,2.5,3,6,Gravel,,5.2,0,Full,2,Above 20 Ft.,https://hamrobazaar.com/for-sale-house/house-on-sale-dharmasthali-in-kathmandu/a80a8c1ecf554c289bd29ba14885a779,,
"रू. 5,00,00,000",HB-3383E5,"Balkumari, Lalitpur",Not Available,Negotiable,5 months ago,2030-03-31,HouseInColony,1,2.5,5,4,Pitched,,5 AANA,2000 sq.ft,Semi,2,AboveTwentyFeet,https://hamrobazaar.com/for-sale-house/house-on-sale-in-lalitpur/3383e58ba80743f993d20b7746041888,300 MITER FROM RING ROAD,residential
"रू. 1,95,00,000",HB-8356EA,"Bishnudol-Lubhu Road,",Not Available,Negotiable,2 months ago,2032-05-04,House - Individual,2,3,4,5,Soil (Mato),,3,0,Full,2,13 - 20 Ft.,https://hamrobazaar.com/for-sale-house/imadol-luvu-don-bosco-school-najeek-in-nepal/8356ea1a1fe44dba857f12f40c87a420,,
"रू. 1,95,00,000",HB-A8FBF7,"new naikap, Naya Naikap (Chandragiri), Kathmandu",Not Available,Not Negotiable,26 days ago,2023-06-20,HouseIndividual,3,3,2,3,Gravel,,4,4,Non,2,ThirteenToTwentyFeet,https://hamrobazaar.com/for-sale-house/new-house-in-kathmandu/a8fbf725a21d4b0a9ee65d2c71d53e32,,
"रू. 2,50,00,000",HB-A4BD82,"Gwarko Koteshwor Imadol, Balkumari Area, Lalitpur",Not Available,Not Negotiable,2 months ago,2024-01-21,HouseIndividual,2,2.5,4,6,Pitched,,4,0,Full,2,ThirteenToTwentyFeet,https://hamrobazaar.com/for-sale-house/for-sale-6bhk-house-in-imadol-lalitpur-in-lalitpur/a4bd821f61824e6f9da7025fe910861c,Imadol Swimming pool,
"रू. 2,60,00,000",HB-B95740,"Panchakumari Chok, Mandikhatar",Not Available,Negotiable,4 months ago,2023-08-31,House - Individual,2,2,3,6,Pitched,,3,0,Non,2,13 - 20 Ft.,https://hamrobazaar.com/for-sale-house/house-for-sale-in-nepal/b957406300a74045b38ca91efec95fd6,,
"रू. 2,80,00,000",HB-2FB820,"Satungal Area Health Post, Satungal Road, Matatirtha, Boshigaun, Chandragiri, Kathmandu",Available,Negotiable,1 years ago,2023-09-01,House - Individual,,2.5,,,Gravel,,4 aana,,Full,,13 - 20 Ft.,https://hamrobazaar.com/for-sale-house/residential-house-on-sale-in-kathmandu/2fb820964f08457984780c888f55e794,CG Fruit Factory,
"रू. 4,25,00,000",HB-C3B5C7,"Makalbari Narayantar Boudha Baudha Gokarna, Jorpati Area, Kathmandu",Not Available,Not Negotiable,4 days ago,2025-06-26,HouseIndividual,3,2.5,3,5,Pitched,,4.25,2345,Full,3,ThirteenToTwentyFeet,https://hamrobazaar.com/for-sale-house/house-on-sale-near-green-hill-city-jorpati-in-kathmandu/c3b5c754766447198d19f71649ab38bb,,
"रू. 2,50,00,000",HB-39AB7A,"Taukhel (Godawari), Lalitpur",Not Available,Not Negotiable,8 days ago,2023-07-08,HouseIndividual,1,2,3,2,Gravel,,0-5-0-2,1,Full,1,ThirteenToTwentyFeet,https://hamrobazaar.com/for-sale-house/house-on-sale-godawari-in-lalitpur/39ab7a09d0b14495843acc34afa280dc,,
"रू. 6,00,00,000",HB-FE27BB,"जोर पिपल, बालुवाटार",Not Available,Negotiable,1 months ago,2023-09-30,Bunglow,2,3,4,5,Pitched,,5,3700,Semi,2,9 - 12 Ft.,https://hamrobazaar.com/for-sale-house/house-for-sale-gairedhara-5-anna6-cr-in-nepal/fe27bbd23a014ee8884db286eeebce7e,,
"रू. 2,50,00,000",HB-97877E,"Thānkot, Chandragiri, काठमाडौं, Bagmati Pradesh, नेपाल",Not Available,Not Negotiable,7 months ago,2023-09-30,House In a Colony,2,3,2,4,Pitched,,041,8,Non,2,9 - 12 Ft.,https://hamrobazaar.com/for-sale-house/ghar-in-kathmandu-in-nepal/97877e1888a04f1e94c0fb297cd9b6c8,,
"रू. 2,50,00,000",HB-2501892,Kathmandu > Baluwatar,Not Available,Not Negotiable,2 years ago,2023-06-16,,,2.5,,,,"3, Parking Space",4,,,,9 to 12 feet,https://hamrobazaar.com/for-sale-house/urgently-needed-house-in-baluwatar-lazimpat-naxal-in-kathmandu/f10c51e827184572bc7dd93b43bc93fa,,
"रू. 4,40,00,000",HB-4C2C3D,"budanilkantha, Budhanilkantha, Kathmandu",Available,Negotiable,7 months ago,2023-07-31,House - Individual,1,2.5,3,6,Gravel,,6,0,Non,2,9 - 12 Ft.,https://hamrobazaar.com/for-sale-house/house-on-sale-at-budanilkanthta-in-kathmandu/4c2c3df4c49c44bc8ceb9d1f9f8b801a,,
"रू. 3,50,00,000",HB-EB8E79,"Baluwakhani Chok, Golphutar",Not Available,Negotiable,3 months ago,2025-04-30,House - Individual,2,3,5,6,Pitched,"parking, garden",5,2700,Semi,2,13 - 20 Ft.,https://hamrobazaar.com/for-sale-house/5-aanahouse-for-sale-vallypublic-budhanilkantha-in-nepal/eb8e79accea142eda8742500410c4f44,Near Vally publicly School,4 years
"रू. 8,00,00,000",HB-BE4C2A,Dharampur,Not Available,Negotiable,9 months ago,2024-12-31,House - Individual,3,3,7,6,Pitched,All,6,1500,Full,3,13 - 20 Ft.,https://hamrobazaar.com/for-sale-house/house-on-sale-in-nepal/be4c2aab04b340a1a77c29caac2897ef,,
"रू. 2,25,00,000",HB-B7955C,"Gokul Awas Ned Khokana, Karyabinayak, Nepal",Available,Negotiable,1 years ago,2023-08-31,Godown/Tahara,,,,,Gravel,,3.5,,,,13 - 20 Ft.,https://hamrobazaar.com/for-sale-house/trust-house-for-sale-at-gokul-awash-in-nepal/b7955c31f59244d6bccfa75221d2c71e,,
"रू. 2,00,00,000",HB-33247D,"vasundhara, Basundhara, Kathmandu",Available,Negotiable,10 months ago,2023-07-30,House - Individual,2,2.5,2,5,Pitched,,4,0,Non,2,13 - 20 Ft.,https://hamrobazaar.com/for-sale-house/house-on-sale-at-basundhara-in-kathmandu/33247d867da34809bd96cab186b73a94,,
"रू. 3,65,00,000",HB-3003758,Kathmandu > Bhangal (Budhanilkantha),Not Available,Negotiable,1 years ago,2023-08-31,,2,2.5,3,6,Gravel,Parking Space,4,,Semi,,13 to 20 feet,https://hamrobazaar.com/for-sale-house/for-sale-flat-sys-house-at-bhangal-in-kathmandu/b31d3208869d4b8dae680900215109d3,"Bhangal, Sundarbasti, near karuna Hospital",1.5 year
"रू. 2,40,00,000रू. 2,40,00,000",HB-A54667,"mathatirtha, Matatirtha (Chandragiri), Kathmandu",Available,Not Negotiable,8 months ago,2023-06-28,House In a Colony,2,1,2,2,Pitched,,4,1369,Semi,1,Above 20 Ft.,https://hamrobazaar.com/for-sale-house/house-for-sale-at-matatirtha-chandragiri-a55-in-kathmandu/a546671b2eb245fda409db7d471a7206,,
"रू. 1,95,00,000",HB-3047620,Kathmandu > Gothatar (Kageshwor),Not Available,Negotiable,1 years ago,2023-07-31,,,3.5,4,,Pitched,Parking Space,3,,,,9 to 12 feet,https://hamrobazaar.com/for-sale-house/forceparkkadaghari-in-kathmandu/2d7ed1a3c73040a188063c7b879f8a1f,"Forcepark, kadaghari",
"रू. 5,80,00,000",HB-22AFD4,"Hattigaunda Bhangal Chapali Chunikhel Hepali Height Italitar Khadka Bhadrakali Narayanthan Mahankhal Pasikot Golfutar Budanilkantha, Budhanilkantha Area, Kathmandu",Not Available,Negotiable,1 months ago,2023-07-05,HouseIndividual,3,3.5,6,8,Pitched,,6 aana,0,Non,3,ThirteenToTwentyFeet,https://hamrobazaar.com/for-sale-house/house-on-sale-at-ganesh-chowk-in-kathmandu/22afd46d6ab64835a683d061cb7da3fc,,
"रू. 6,25,00,000",HB-975A6A,Imadol,Not Available,Negotiable,8 months ago,2024-11-30,House - Individual,2,3,5,7,Soil (Mato),,0420,0,Full,3,13 - 20 Ft.,https://hamrobazaar.com/for-sale-house/imadol-shital-height-prime-location-in-nepal/975a6aaf91b14b2189e86a47ec8e79e4,,
"रू. 2,90,00,000",HB-F9C26F,"budanilkantha, Budhanilkantha, Kathmandu",Not Available,Negotiable,3 months ago,2023-12-27,HouseIndividual,3,3,7,12,Pitched,,5aana,.,Non,2,ThirteenToTwentyFeet,https://hamrobazaar.com/for-sale-house/house-on-sale-at-budhanilkantha-in-kathmandu/f9c26f0f6d564b4ab2e2b49f1ca5c2bf,,
"रू. 2,10,00,000",HB-E737D7,"Sitapakha, Imadol, Mahalaxmi, Lalitpur, Bagmati Pradesh, 44705, Nepal",Available,Not Negotiable,1 years ago,2023-06-30,,,,,,,,,,,,,https://hamrobazaar.com/for-sale-house/house-on-sale-rs-21000000-in-lalitpur/e737d7c34a2d42bf98a1434ea827aa6b,,
"रू. 2,70,00,000",HB-71EF82,"Sitapaila (Nagarjun), Kathmandu",Not Available,Negotiable,6 months ago,2023-11-06,HouseIndividual,1,2,4,4,Soil,,12,.,Non,1,ThirteenToTwentyFeet,https://hamrobazaar.com/for-sale-house/house-on-sale-at-ramkot-in-kathmandu/71ef82b685c94e3cb03eacb915165681,,
"रू. 5,25,00,000",HB-9EF6D7,"लाखे चौर, नया बानेश्वर",Not Available,Negotiable,1 months ago,2024-06-05,House - Individual,2,4,10,10,Pitched,,5,1626,Non,2,9 - 12 Ft.,https://hamrobazaar.com/for-sale-house/semi-commercial-house-for-sale-in-nepal/9ef6d7a3f1d34eaf944bddeb2c92913e,,
"रू. 3,25,00,000",HB-BA4E6B,Khadkagaon,Not Available,Negotiable,5 months ago,2025-03-31,House - Individual,2,3,4,5,Pitched,पार्किंग र parketting,4,1900,Semi,2,13 - 20 Ft.,https://hamrobazaar.com/for-sale-house/hepali-height-house-on-sale-semi-bungla-in-nepal/ba4e6b823e4246bc9b53a8fc22c71c31,,
"रू. 1,80,00,000",HB-E7FBDE,"Gusingal (Sanepa), Lalitpur",Not Available,Not Negotiable,1 months ago,2023-08-10,HouseSemiCommercial,1,3,7,10,Pitched,,22,7500,Non,1,ThirteenToTwentyFeet,https://hamrobazaar.com/for-sale-house/house-for-sale-at-sanepa-in-lalitpur/e7fbdecf8bd94214b7735193b02f43e3,,
"रू. 2,85,00,000",HB-EAF1AD,"budanilkantha, Budhanilkantha, Kathmandu",Available,Negotiable,11 months ago,2023-07-17,House - Individual,0,2.5,4,11,Pitched,,4Ana 1Daam,0,Non,4,Above 20 Ft.,https://hamrobazaar.com/for-sale-house/house-on-sale-at-budhanilkantha-in-kathmandu/eaf1ad64c8414ce4a9d704b9525bcecc,,
"रू. 2,80,00,000",HB-6038BC,"पासाङ मार्ग, सानोपोखरा चोक",Not Available,Negotiable,1 months ago,2024-06-05,House - Individual,3,3,6,11,Pitched,"Car parking, 24 Hr Water",10,2000,Full,5,13 - 20 Ft.,https://hamrobazaar.com/for-sale-house/beautiful-house-in-hetauda-in-nepal/6038bc4df2c24c39b82523f93e466469,Near Forestry College,
"रू. 3,10,00,000",HB-812C0E,Imadol,Not Available,Negotiable,4 months ago,2029-03-21,House - Individual,2,3,4,5,Soil (Mato),,0310,0,Full,2,13 - 20 Ft.,https://hamrobazaar.com/for-sale-house/imadol-nayabasti-swimming-pool-in-nepal/812c0efa568d48d4be14af0e788fcc16,,
"रू. 7,20,00,000",HB-838BE8,"bangal, Bhangal (Budhanilkantha), Kathmandu",Not Available,Negotiable,4 months ago,2023-09-30,HouseSemiCommercial,2,3.5,5,8,Pitched,,13,5500,Non,2,ThirteenToTwentyFeet,https://hamrobazaar.com/for-sale-house/house-on-sale-bangal-in-kathmandu/838be8121bbc4f379e5036c157fc469c,,
"रू. 8,50,00,000",HB-2443A6,"Nagarjun Marg, पिपल बोट, तिलगंगा",Not Available,Negotiable,25 days ago,2023-06-20,Bunglow,2,3,5,5,Pitched,,8,2900,Full,2,13 - 20 Ft.,https://hamrobazaar.com/for-sale-house/fullfurnished-bungalow-on-sale-battisputali-in-nepal/2443a6b545a4470082b5b276bb06397d,battisputali,
"रू. 1,69,00,000",HB-C7F196,"Badikhel (Godawari), Lalitpur",Not Available,Not Negotiable,11 months ago,2023-07-26,House - Individual,2,2.5,3,6,Gravel,,4,2300,Non,2,13 - 20 Ft.,https://hamrobazaar.com/for-sale-house/godawari-4-aana-house-in-lalitpur/c7f196b363ea4773a3926f2973e5a036,,
"रू. 3,50,00,000",HB-448C88,"Koteshwor, Kathmandu",Available,Not Negotiable,8 months ago,2023-11-19,House - Individual,1,2,0,4,Others,,6,0,Full,2,13 - 20 Ft.,https://hamrobazaar.com/for-sale-house/a-residential-house-for-sale-at-koteshwor-kathma-in-kathmandu/448c889beaa14732894c64f221490d3a,,
"रू. 2,50,00,000",HB-5B5A56,"Sanchal (Sanepa), Lalitpur",Not Available,Not Negotiable,4 months ago,2023-06-19,HouseIndividual,1,1,1,1,Pitched,,0-2-2-0,800,Full,1,ThirteenToTwentyFeet,https://hamrobazaar.com/for-sale-house/house-on-sale-at-sanchal-sanepa-in-lalitpur/5b5a5606a73e4114b7a698a78919d8f2,,
"रू. 50,00,000",HB-7E7B1A,"Budhanilkantha, Kathmandu, Bagmati Pradesh, Nepal",Not Available,Not Negotiable,3 months ago,2023-06-30,Bunglow,3,3,4,4,Pitched,,22 Ropanies,6000,Semi,2,AboveTwentyFeet,https://hamrobazaar.com/for-sale-house/luxury-house-and-land-for-sale-in-budhanilkantha-in-kathmandu/7e7b1a899c8547ee9b55f9d949076899,Budhanilkantha,
"रू. 3,40,00,000",HB-163D97,"budanilkantha, Budhanilkantha, Kathmandu",Not Available,Not Negotiable,6 months ago,2023-09-20,HouseIndividual,2,2.5,4,5,Pitched,,4,0,Non,2,ThirteenToTwentyFeet,https://hamrobazaar.com/for-sale-house/house-on-sale-at-budhanilkantha-brand-new-in-kathmandu/163d978240054f67a265ab8d3fb89c99,,
"रू. 3,45,00,000",HB-527570,Imadol,Not Available,Negotiable,5 months ago,2029-02-21,House - Individual,2,3,5,6,Soil (Mato),,0412,0,Full,2,13 - 20 Ft.,https://hamrobazaar.com/for-sale-house/imadol-ochu-height-highway-najeek-in-nepal/527570d9c9594ce2a9238f74462921ab,,
"रू. 2,85,00,000",HB-FA0C8E,"Baluwakhani Chok, Golphutar",Not Available,Negotiable,6 months ago,2025-01-31,House - Individual,2,3,4,6,Pitched,big parking,4,1900,Semi,3,13 - 20 Ft.,https://hamrobazaar.com/for-sale-house/in-nepal/fa0c8ec2fe344fd2a9d29fde0c317bd0,,
"रू. 3,25,00,000",HB-D97E43,"dumbarahi, Dhumbarahi, Kathmandu",Available,Negotiable,10 months ago,2023-07-30,House - Individual,4,4.5,4,6,Pitched,,2.5,2500,Non,3,13 - 20 Ft.,https://hamrobazaar.com/for-sale-house/house-on-sale-at-chappal-karkhana-in-bara/d97e437a49954ebaa5d0a78b170cafe2,,
"रू. 2,60,00,000",HB-1FE6AD,"Imadol (Mahalaxmi), Lalitpur",Available,Negotiable,5 days ago,2023-07-11,HouseIndividual,3,2.5,4,9,Gravel,House is very spacious and good in condition,3 anna 2 paisa 1 dam,1000,Semi,2,ThirteenToTwentyFeet,https://hamrobazaar.com/for-sale-house/house-for-sale-in-lalitpur/1fe6ad36e47442f0a33bb52ce4bf7d33,near by new millennium school,Residential
"रू. 2,25,00,000",HB-99A111,"raniban micro park, Jamacho Marg, Thulo Bharyang, Nagarjun, Kathmandu, Bagmati Pradesh, 44611, Nepal",Available,Negotiable,10 months ago,2023-07-31,House - Individual,0,2.5,3,5,Pitched,"Pitched road, Water and Well, Electricity, Telephone, Internet",3,883,Non,1,13 - 20 Ft.,https://hamrobazaar.com/for-sale-house/house-for-sale-at-raniban-near-micropark-in-kathmandu/99a11154d5114a6b95afbb91056c24aa,Near Raniban Micropark,10 years plus
"रू. 2,35,00,000",HB-F091D7,"Imadol-Hattiban Road, इमाडोल",Not Available,Negotiable,18 days ago,2023-06-27,House - Individual,2,3,4,5,Pitched,,3,2500,Semi,2,13 - 20 Ft.,https://hamrobazaar.com/for-sale-house/house-on-sale-at-imadol-in-nepal/f091d7775b1f45568a5e9827f8ec56c4,,
"रू. 1,99,00,000",HB-B02CF5,"थानकोट, Chandragiri, चन्द्रागिरी नगरपालिका, काठमाडौं, Bagmati Pradesh, नेपाल",Not Available,Negotiable,18 days ago,2023-06-28,House - Semi Commercial,1,3,3,7,Pitched,,4,8,Non,1,Above 20 Ft.,https://hamrobazaar.com/for-sale-house/house-on-sale-in-nepal/b02cf521b6f34eb9a1f4edd2eb52eac8,,
"रू. 6,50,00,000",HB-2885806,Kathmandu > Bansbari,Available,Negotiable,2 years ago,2023-07-30,,2,2.5,4,6,Pitched,"2, 3, 4, 5, Garden, Parking Space, Garage, Servant Quarter",,3500,Semi,,13 to 20 feet,https://hamrobazaar.com/for-sale-house/house-for-sale-at-bansbari-in-kathmandu/ffc09e14b26d465f892539290df94ab5,Bansbari.,
"रू. 2,15,00,000",HB-C1E2AC,"Lubhu (Mahalaxmi), Lalitpur",Not Available,Negotiable,6 months ago,2023-12-31,HouseIndividual,1,2.5,3,6,Gravel,Parking available for 1 car and 5 bikes,3.1,.,Non,3,NineToTwelveFeet,https://hamrobazaar.com/for-sale-house/house-on-sale-at-lubhu-lalitpur-in-lalitpur/c1e2aced818e467c98fe65bd9fb3598a,,
"रू. 16,50,00,000",HB-2685736,Kathmandu > Chauni,Available,Negotiable,2 years ago,2023-11-22,,5,5,5,10,Pitched,"2, 3, 4, 5, 6, Garden, Parking Space, Garage, Servant Quarter, Security Guards",10aa,9770,Full,,Above 20 feet,https://hamrobazaar.com/for-sale-house/apartment-building-in-kathmandu/711041a7bb2e429d8f3455110fea8639,Near Ambassdor hotel & Mahendra Ratna campus.,5 years
"रू. 3,80,00,000",HB-2953559,Kathmandu > Narayanthan (Budhanilkantha),Not Available,Negotiable,2 years ago,2023-07-30,,1,2.5,4,5,Pitched,"2, 3, 4, 5, Garden, Parking Space, Garage, Servant Quarter",6,3200,Semi,,13 to 20 feet,https://hamrobazaar.com/for-sale-house/house-for-sale-at-narayanthan-in-kathmandu/beb4966e60a6427db8ef2611206adee8,Narayanthan.,5 year
"रू. 5,30,00,000",HB-D19484,"भैसेपाटी, Sainbu",Not Available,Negotiable,3 months ago,2023-07-31,House In a Colony,1,3,6,7,Pitched,0,5,0,Non,1,Above 20 Ft.,https://hamrobazaar.com/for-sale-house/7bhk-bunglow-house-on-sale-at-bhaisepati-in-nepal/d19484dd298c4e81b10a01ad5399af47,0,0
"रू. 5,00,00,000",HB-F06331,"Himalaya Boarding High School, Dulal Tol, Khadkagaon, Budhanilkantha, काठमाडौं, Bagmati Pradesh, Nepal",Not Available,Negotiable,1 years ago,2023-12-31,House - Individual,1,२.५,५,५,Pitched,2कार+ ८ मो. सा. पार्किंग,६,,Non,1,13 - 20 Ft.,https://hamrobazaar.com/for-sale-house/house-on-sale-bungla-in-nepal/f06331bbd4f7435b84f01068070971dd,रुद्रेश्वर,not used
"रू. 7,50,00,000",HB-3B0299,"Chundevi (Maharajgunj), Kathmandu",Not Available,Negotiable,3 months ago,2023-10-29,HouseIndividual,4,4,7,20,Pitched,,9,50005,Non,4,AboveTwentyFeet,https://hamrobazaar.com/for-sale-house/house-for-sale-at-chundavi-in-kathmandu/3b02992a2c2f4967bd187b5d8a4b6470,,
"रू. 3,25,00,000",HB-3062995,Kathmandu > Dhungedhara (Banasthali),Not Available,Negotiable,1 years ago,2024-01-01,,,2.5,,6,Pitched,,3,,,,13 to 20 feet,https://hamrobazaar.com/for-sale-house/sale-on-new-house-in-raniban-area-in-kathmandu/f7cc3beaa74b4562a413d3a999d67154,Dhungedhara ringroad bat radha krishna mandir hudai Raniwan area,6Month
"रू. 2,80,00,000",HB-0A4783,"Tokha Saraswati (Tokha), Kathmandu",Not Available,Not Negotiable,11 days ago,2023-06-20,HouseIndividual,2,2.5,4,6,Pitched,,0-3-3-0,1,Non,2,ThirteenToTwentyFeet,https://hamrobazaar.com/for-sale-house/house-on-sale-at-tokha-near-grande-hospital-in-kathmandu/0a4783c2f38d41c1a9106eea0a9d9b86,,
"रू. 1,02,50,00,000",HB-27A2B8,"Kanti Path, Tripureshwar",Not Available,Negotiable,3 months ago,2023-10-31,House - Individual,1,4,6,12,Pitched,,6,3000,Non,1,Above 20 Ft.,https://hamrobazaar.com/for-sale-house/ghar-bikri-ma-at-tripureshwar-in-nepal/27a2b8de7a014a4f8f13b8cb1066ab63,,
"रू. 5,00,00,000",HB-20D70D,"Mahadevasthan Marga, पुष्पा नगर, बानेश्वर",Not Available,Negotiable,2 months ago,2024-05-19,House - Individual,1,3,4,3,Pitched,,4,1369,Semi,1,13 - 20 Ft.,https://hamrobazaar.com/for-sale-house/beautiful-lavish-residential-house-for-sale-in-nepal/20d70d20b0bd49a6b728a360e2f2fe95,,
"रू. 1,55,00,000",HB-FCF9E1,"Nagarjun, Kathmandu",Not Available,Not Negotiable,3 months ago,2023-07-15,HouseIndividual,1,2,2,6,Pitched,,3,1600,Non,1,ThirteenToTwentyFeet,https://hamrobazaar.com/for-sale-house/sitapaila-bafal-in-kathmandu/fcf9e1183ca8431ca578d401c4e6560c,,
"रू. 30,00,000",HB-5CFE55,"Sundar Dulari, Sundarharaicha, Morang",Not Available,Negotiable,21 days ago,2023-06-26,House - Individual,1,1,1,1,Gravel,4 kona mileko xa,5,10000,Non,1,13 - 20 Ft.,https://hamrobazaar.com/for-sale-house/house-for-sale-at-dulhari-highway-in-morang/5cfe559df31a458baaf7732ca578843d,,2
"रू. 15,50,00,000",HB-EC6822,"The Everest Hotel Kathmandu, Radha Mohan Marga, Srijana Tole, नयाँ बानेश्वर, Kathmandu",Not Available,Not Negotiable,4 months ago,2025-03-01,House - Individual,2,5,2,3,Pitched,H,4,4,Full,2,Above 20 Ft.,https://hamrobazaar.com/for-sale-house/naya-baneshwor-ma-4-aana-ma-baneko-ghar-bikre-ma-in-kathmandu/ec6822ca0a154ed49a3bbe3255df94ba,A,K
"रू. 2,55,00,000",HB-FBA7F4,Imadol,Not Available,Negotiable,5 months ago,2030-02-20,House - Individual,2,3,5,6,Soil (Mato),,0401,0,Full,2,13 - 20 Ft.,https://hamrobazaar.com/for-sale-house/imadol-tikathali-bojeypokhari-in-nepal/fba7f47e4de4416aba85cf535ffd2428,,
"रू. 4,00,00,000",HB-D05956,"budanilkantha, Budhanilkantha, Kathmandu",Not Available,Negotiable,3 months ago,2023-06-20,HouseIndividual,1,1.5,2,2,Pitched,,5,0,Full,1,ThirteenToTwentyFeet,https://hamrobazaar.com/for-sale-house/house-for-sale-at-budhanilkantha-in-kathmandu/d05956a40fbd46c8bbc8afc2aadd3824,,
"रू. 1,55,00,000",HB-D742E3,"Ananda Nagar, सुकेधारा",Not Available,Not Negotiable,1 days ago,2023-07-13,,,,,,,,,,,,,https://hamrobazaar.com/for-sale-house/house-for-sale-sukedhara-in-nepal/d742e3b2a13513c3555f17b0caa7a17e,,
"रू. 9,50,00,000",HB-E50068,"Birauta, Pokhara, Kaski",Not Available,Not Negotiable,7 months ago,2023-12-01,,,,,,,,,,,,,https://hamrobazaar.com/for-sale-house/business-complex-in-kaski/e500682bee914419b772f45cca96801d,,
"रू. 2,40,00,000",HB-CA8917,"Tutepani, Khumaltar, Patan, Lalitpur Metropolitan City, Lalitpur, Bagmati Pradesh, 14364, Nepal",Not Available,Not Negotiable,1 months ago,2023-06-21,HouseIndividual,1,2,4,3,Pitched,,3,3000,Full,1,ThirteenToTwentyFeet,https://hamrobazaar.com/for-sale-house/modern-stylish-house-sale-at-hattiban-in-lalitpur/ca8917a9cf9d47e18c6409081d6046a0,,
"रू. 4,25,00,000",HB-74697C,"budanilkantha, Budhanilkantha, Kathmandu",Available,Negotiable,7 months ago,2023-07-31,House - Individual,0,2.5,5,5,Pitched,,4,0,Non,0,13 - 20 Ft.,https://hamrobazaar.com/for-sale-house/house-on-sale-at-budanilkantha-in-kathmandu/74697ce73be14ac4b6175000deb9c438,,
"रू. 18,00,00,000",HB-825F82,"budanilkantha, Budhanilkantha, Kathmandu",Available,Not Negotiable,12 months ago,2023-12-10,House - Individual,,,,,Pitched,,34,,,,Above 20 Ft.,https://hamrobazaar.com/for-sale-house/34ana-house-for-sale-at-budhanilkantha-deuwa-area-in-kathmandu/825f828ef98345bbafab891ed6778a81,parking avaivalbe,
"रू. 4,25,00,000",HB-942772,"Budhanilkantha temple, Kahu Shivapur, Nepal",Available,Negotiable,1 years ago,2023-08-31,Bunglow,2,2.5,5,5,Pitched,,3.5,,Semi,1,13 - 20 Ft.,https://hamrobazaar.com/for-sale-house/new-bungalow-house-for-sale-at-budhanilkantha-in-nepal/9427720dd0e340f7809a9318a6c991ee,,
"रू. 3,50,00,000",HB-1F4164,"Tangal Bhat Bhateni Baluwatar Naxal Lazimpat, Gairidhara Area, Kathmandu",Not Available,Not Negotiable,3 months ago,2023-06-16,HouseIndividual,1,2.5,1,1,Pitched,,0-3-1-0,1500,Full,1,ThirteenToTwentyFeet,https://hamrobazaar.com/for-sale-house/house-on-sale-dakshinkali-mandir-lazimpat-in-kathmandu/1f416407cce3426f99be34ddae8fa00a,,
"रू. 2,75,00,000",HB-48D3A1,"नारायण टोल, बसुन्धरा",Not Available,Negotiable,4 months ago,2025-03-31,House - Individual,3,3,5,6,Pitched,parking,4,1900,Non,3,13 - 20 Ft.,https://hamrobazaar.com/for-sale-house/house-for-sale-basundharkathmandu-in-nepal/48d3a19cbfb24a07ab2155e065a53a7e,,
"रू. 1,50,00,000",HB-60C1B2,"Lik Marg, कुलेश्वर",Not Available,Negotiable,5 days ago,2024-07-11,House - Individual,0,2,2,4,Pitched,,4,1850,Non,2,5 - 8 Ft.,https://hamrobazaar.com/for-sale-house/house-for-sale-at-kuleswor-height-visit-for-free-in-nepal/60c1b23e7c3044a0929b6a3e9e21dcce,,
"रू. 4,49,00,000",HB-E75DF2,"Ramkot (Nagarjun), Kathmandu",Not Available,Not Negotiable,24 days ago,2023-06-22,Bunglow,1,2.5,4,3,Pitched,,0-6-3-2,1860,Non,1,ThirteenToTwentyFeet,https://hamrobazaar.com/for-sale-house/premium-plot-at-brihat-community-living-for-sale-in-kathmandu/e75df28cdf534c598b23130491fb9775,Padma Fuel Center,
"रू. 5,50,00,000",HB-57AA34,"Talim Kendra Marg, Sainbu",Not Available,Negotiable,4 months ago,2023-06-30,Bunglow,2,3,5,5,Pitched,,5,2700,Non,1,13 - 20 Ft.,https://hamrobazaar.com/for-sale-house/for-sale-house-in-nepal/57aa34100b48409d8415814af033eee2,,
"रू. 11,00,00,000",HB-285044,"Chundevi (Maharajgunj), Kathmandu",Not Available,Negotiable,3 months ago,2023-07-02,Bunglow,1,2.5,5,6,Pitched,,10ana,2700,Semi,1,ThirteenToTwentyFeet,https://hamrobazaar.com/for-sale-house/bunglow-house-for-sale-at-chundevi-maharajgunjkt-in-kathmandu/28504487cf304837b3b39a1ad7d00afa,,
"रू. 20,00,00,000रू. 18,00,00,000",HB-BD9482,"bhaisipati, Bhaisepati / Sainbu, Lalitpur",Not Available,Not Negotiable,4 months ago,2027-07-01,Bunglow,1,2.5,8,8,Pitched,,1-0-1-0,5800,Non,1,ThirteenToTwentyFeet,https://hamrobazaar.com/for-sale-house/house-for-sale-at-awas-chetra-bhaisepati-in-lalitpur/bd9482230a9c486e89ad18e3026c4f48,Awas Chetra,
"रू. 2,75,00,000",HB-87DAB6,"Tokha, काठमाडौं, Bagmati Pradesh, नेपाल",Not Available,Negotiable,6 months ago,2023-12-31,House - Individual,2,3,5,7,Pitched,पार्किङ,3,1300,Semi,2,13 - 20 Ft.,https://hamrobazaar.com/for-sale-house/new-brand-house-on-sale-in-nepal/87dab6f80b534e4dac880141e111da3e,,
"रू. 2,00,00,000",HB-D8C3C4,"Imadol (Mahalaxmi), Lalitpur",Not Available,Not Negotiable,4 months ago,2023-06-20,HouseIndividual,1,2.5,1,1,Pitched,,0-2-3-0,800,Full,1,ThirteenToTwentyFeet,https://hamrobazaar.com/for-sale-house/house-on-sale-ansari-chowk-imadol-in-lalitpur/d8c3c41cd8c040539939a87048838b0e,,
"रू. 2,90,00,000",HB-9EC8AA,"Tikhidewal, Nakhudol, Lalitpur, Bagmati Pradesh, -, Nepal",Available,Not Negotiable,1 years ago,2023-10-25,House In a Colony,1,3.5,4,4,Gravel,Cctv and solar,4 aana,125,Non,1,13 - 20 Ft.,https://hamrobazaar.com/for-sale-house/beautiful-and-quality-home-for-sale-in-lalitpur/9ec8aafbd4464806a0d11a94b0201430,,Residential
"रू. 2,05,00,000",HB-1FDC5D,"Thankot (Chandragiri), Kathmandu",Not Available,Negotiable,5 days ago,2023-07-11,HouseIndividual,1,3 ana,3,6,Pitched,Watar drainge net etc,3,650,Non,1,NineToTwelveFeet,https://hamrobazaar.com/for-sale-house/house-in-kathmandu/1fdc5d2995fc4dfe8fe0119189045b2c,Thankot,Not used yet
"रू. 6,50,00,000",HB-494658,"budanilkantha, Hattigaunda (Budhanilkantha), Kathmandu",Available,Not Negotiable,12 months ago,2023-12-10,House - Individual,,,,,Pitched,,12,,,,Above 20 Ft.,https://hamrobazaar.com/for-sale-house/12-aana-house-for-sale-at-budhanilkantha-hattigaud-in-kathmandu/494658db38da44e59def28bc1b894684,parking avaiable,
"रू. 4,80,00,000",HB-4087B4,"Milan Marg, मिलन टोल,",Not Available,Not Negotiable,18 days ago,2023-08-30,Bunglow,1,25,3,5,Pitched,all,10,1500,Semi,1,Above 20 Ft.,https://hamrobazaar.com/for-sale-house/house-for-sale-in-nepal/4087b4d8a7a54fa2b7d737997243a9d4,jpt,residence
"रू. 6,75,00,000",HB-9070A3,"Panchakumari Chok, Mandikhatar, Budhanilkantha Municipality, Kathmandu, Bagmati Pradesh, 44606, Nepal",Not Available,Negotiable,1 months ago,2024-11-02,HouseInColony,2,2.5,4,3,Others,Reserve Tank Available with 6000lts * Car Porch Available With Shade * Parking 3 Cars & 3/4 Bikes * Store 500sq.ft App * Modular Kitchen * Solar Water Heater * CCTV Fitted,0-7-0-0,1910 sq.ft,Semi,1,NineToTwelveFeet,https://hamrobazaar.com/for-sale-house/house-on-sale-at-grande-villa-housing-in-kathmandu/9070a35ce5fc43b39db4e318c3b6c9c5,Grande Hospital,
"रू. 1,75,00,000",HB-05D502,"Bishnudol-Lubhu Road,",Not Available,Not Negotiable,3 months ago,2023-08-26,House - Individual,0,0,0,0,Others,,6,0,Non,0,13 - 20 Ft.,https://hamrobazaar.com/for-sale-house/lubhu-6-aana-wid-house-on-sale-6-km-gwarkho-in-nepal/05d502a3f0124a049df659c6024ce8f5,,
"रू. 3,25,00,000",HB-AA0983,"Neighborhood Cafe and Grill, Banshidhar Marg, Laligurans Chok, Chappal Karkhana, Kathmandu Metropolitan Ward 4, Kathmandu, Kathmandu Metropolitan City, Kathmandu, Bagmati Pradesh, 44606, Nepal",Not Available,Not Negotiable,13 days ago,2023-07-03,HouseIndividual,1,1,1,2,Pitched,,4,950,Non,1,NineToTwelveFeet,https://hamrobazaar.com/for-sale-house/in-kathmandu/aa0983c5c8434d2bb02a17f5199a3246,,
"रू. 6,50,00,000",HB-2A54A1,"टंगाल मार्ग, भृकुटी टोल, नक्साल",Not Available,Negotiable,18 days ago,2024-05-31,House - Semi Commercial,1,4,8,24,Pitched,,6,2200,Non,4,9 - 12 Ft.,https://hamrobazaar.com/for-sale-house/6-aanaako-4-talle-ghar-on-sale-naxal-in-nepal/2a54a15dcac64ee0a87fad2d9dd54e46,naxal,
"रू. 3,50,00,000",HB-5E461F,"हत्तिवन, Dhapakhel, ललितपुर महानगरपालिका, ललितपुर, Bagmati Pradesh, नेपाल",Not Available,Negotiable,1 months ago,2023-07-31,House - Individual,1,25,4,6,Pitched,,4,800,Semi,2,13 - 20 Ft.,https://hamrobazaar.com/for-sale-house/brand-new-house-on-sell-hattiban-in-nepal/5e461f46b3464a0f9de526ae77e67374,,
"रू. 5,50,00,000",HB-CEB0D7,"budanilkantha, Budhanilkantha, Kathmandu",Not Available,Negotiable,5 months ago,2023-12-02,HouseIndividual,1,3,3,10,Pitched,,8aana,0,Non,3,ThirteenToTwentyFeet,https://hamrobazaar.com/for-sale-house/house-on-sale-at-budanilkantha-in-kathmandu/ceb0d79f73cd4ffd8b0552d0a1a83e0a,,
"रू. 2,80,00,000",HB-514AEB,Khadkagaon,Not Available,Not Negotiable,4 months ago,2025-03-31,House - Individual,2,3,5,4,Pitched,"enough parking, paarketting",4,2200,Semi,2,13 - 20 Ft.,https://hamrobazaar.com/for-sale-house/house-for-salepasikot-budhanilkanntha-in-nepal/514aeb424885412d99c15fbf41a04f2f,,
"रू. 2,30,00,000",HB-2EB5F2,"chandagiri, Chandragiri, Kathmandu",Not Available,Not Negotiable,5 months ago,2024-02-29,HouseIndividual,2,3,4,4,Pitched,,4.5,2500,Semi,1,ThirteenToTwentyFeet,https://hamrobazaar.com/for-sale-house/beautiful-house-for-sale-at-chandragiri-kathmandu-in-kathmandu/2eb5f2bc717445abb2d0aca3fc09ede3,,
"रू. 1,85,00,000",HB-71283B,"Budhanilkantha, Budhanilkantha Municipality, Kathmandu",Not Available,Negotiable,3 months ago,2023-07-01,House - Individual,2,3,3,6,Pitched,,0302,2500,Semi,1,13 - 20 Ft.,https://hamrobazaar.com/for-sale-house/house-on-sale-in-budhanilkantha-pasikot-in-kathmandu/71283bb6076e4f68af161fe99505dff3,,
"रू. 3,25,00,000",HB-2839100,Kathmandu > Lazimpat,Not Available,Negotiable,2 years ago,2023-07-31,,,,,,,,4,,,,13 to 20 feet,https://hamrobazaar.com/for-sale-house/house-for-sale-in-kathmandu/f5da7181cf904811b861cea871361d95,,
"रू. 3,25,00,000",HB-C5E92F,"Hattiban, Lalitpur",Not Available,Not Negotiable,2 days ago,2023-07-13,HouseIndividual,2,2.5,4,5,Pitched,,4,2250,Non,2,ThirteenToTwentyFeet,https://hamrobazaar.com/for-sale-house/in-lalitpur/c5e92f7586d0c9f8bab3414082239e28,,
"रू. 3,89,00,000",HB-10B53A,"bangal, Bhangal (Budhanilkantha), Kathmandu",Not Available,Not Negotiable,3 months ago,2023-06-22,HouseIndividual,3,3,5,7,Pitched,4 balcony,4.62,2800,Semi,2,ThirteenToTwentyFeet,https://hamrobazaar.com/for-sale-house/budhanilkantha-bhangal-3-floor-new-house-for-sale-in-kathmandu/10b53a8f8b124dabba4e3abe184c0e9b,,Brand New
"रू. 2,85,00,000",HB-7EFA44,"सीतापाखा, Imadol",Not Available,Negotiable,3 months ago,2029-04-09,House - Individual,2,3,4,5,Soil (Mato),,0320,0,Full,2,13 - 20 Ft.,https://hamrobazaar.com/for-sale-house/imadol-ochu-height-shital-height-in-nepal/7efa44136424449ea20fecb7fbc05b1b,,
"रू. 2,80,00,000",HB-E2DF07,"Imadol (Mahalaxmi), Lalitpur",Not Available,Negotiable,4 months ago,2023-12-05,HouseIndividual,2,2.5,5,5,Pitched,,3aana,0,Full,2,ThirteenToTwentyFeet,https://hamrobazaar.com/for-sale-house/house-on-sale-at-sital-height-in-lalitpur/e2df07cfdbfe44918ee94a40d5018d02,,
"रू. 4,70,00,000",HB-07FEEF,"Mandikatar Bansbari Hattigaunda, Golfutar Area, Kathmandu",Not Available,Negotiable,14 days ago,2023-07-02,HouseIndividual,4,4,7,9,Pitched,,4.5,.,Non,4,ThirteenToTwentyFeet,https://hamrobazaar.com/for-sale-house/house-on-sale-at-down-golfutar-in-kathmandu/07feef57c6c948c1be5c1d5951b84a52,,
"रू. 4,75,00,000",HB-2991668,Kathmandu > Budhanilkantha,Not Available,Negotiable,1 years ago,2023-08-31,,1,2.5,5,3,Pitched,"2, 3, 4, Garden, Parking Space, Garage",6,,Semi,,13 to 20 feet,https://hamrobazaar.com/for-sale-house/house-on-sale-at-budhanilkantha-deubachowk-in-kathmandu/42ccfb234f934b37a7bf6ba92b47fc5a,"Deuwa chowk, Budhanilkantha",
"रू. 4,00,00,000",HB-3E8259,"Kumaripati, Lalitpur",Not Available,Not Negotiable,5 months ago,2023-07-30,HouseIndividual,3,3.5,4,7,Others,,6,1,Non,4,FiveToEightFeet,https://hamrobazaar.com/for-sale-house/house-for-sale-in-kumaripati-lalitpur-in-lalitpur/3e82597988de46318fc5c1610f9d8fb3,,
"रू. 2,70,00,000",HB-02943B,"Aakashedhara, Mandikhatar, Budhanilkantha Municipality, Kathmandu",Not Available,Negotiable,2 months ago,2024-04-08,House - Individual,8,3,3,3,Pitched,,6,2000,Non,2,13 - 20 Ft.,https://hamrobazaar.com/for-sale-house/house-in-sale-at-yekata-basti-kathmandu-in-kathmandu/02943b7383304087ae70a03c69ccf280,,
"रू. 3,20,00,000",HB-0F94A2,"Jorpati (Gokarneshwar), Kathmandu",Not Available,Not Negotiable,4 months ago,2023-08-16,HouseIndividual,2,1,2,3,Pitched,Good,8 Aana,1500 Gas,Semi,1,ThirteenToTwentyFeet,https://hamrobazaar.com/for-sale-house/house-for-sale-in-kathmandu/0f94a2c5ddf245a9a6c863010c82f575,,
"रू. 5,60,00,000",HB-9D4FFF,"Nakkhu Jal Binayak Marg, भैसेपाटी, तल्लो गाउँ",Not Available,Negotiable,18 days ago,2023-06-28,House - Individual,2,2,3,5,Pitched,,10,2600,Non,2,13 - 20 Ft.,https://hamrobazaar.com/for-sale-house/25-560-in-nepal/9d4fff5d9ae64a3ab64d164f141d8827,,residential
"रू. 5,70,00,000",HB-8C6A37,"Ganesh Temple, Way to chapali, Budhanilkantha, Budhanilkantha Municipality, Kathmandu, Bagmati Pradesh, 22644, Nepal",Not Available,Negotiable,8 days ago,2023-07-08,HouseInColony,1,3,5,5,Pitched,,5.5,3500,Full,1,ThirteenToTwentyFeet,https://hamrobazaar.com/for-sale-house/budanilkantha-bungalow-ganesh-chock-9863601881-in-kathmandu/8c6a371a52da4f41bf71bfba05f88141,,
"रू. 11,00,00,000",HB-F1C941,"Bodhigram (Satdobato), Lalitpur",Not Available,Negotiable,28 days ago,2026-04-03,HouseIndividual,4,5,10,10,Pitched,,8 Aana,7500,Semi,4,ThirteenToTwentyFeet,https://hamrobazaar.com/for-sale-house/new-house-for-sale-at-satdobato-near-salesbary-in-lalitpur/f1c941e60d3f4fa08a0c615a660404c5,Satdobato,
"रू. 12,00,00,000",HB-F3D853,"शान्ति भवन मार्ग, अरुन थापा मुर्ति चोक, Sanepa",Not Available,Negotiable,3 months ago,2023-07-31,Bunglow,2,3,6,5,Pitched,,8,2400,Semi,1,13 - 20 Ft.,https://hamrobazaar.com/for-sale-house/for-sale-house-in-nepal/f3d853e8c86a4668ba9305fd003135c6,,
"रू. 6,75,00,000",HB-47FD82,"Imadol, Mahalaxmi, Lalitpur, Bagmati Pradesh, 44705, Nepal",Not Available,Negotiable,5 months ago,2023-08-26,Bunglow,2,2.5,5,5,Pitched,South East facing,7 aana,1700 sq.ft,Full,1,ThirteenToTwentyFeet,https://hamrobazaar.com/for-sale-house/bungalow-on-sale-in-lalitpur/47fd822c2381415fadb3d4861cee65a1,"Budhanilkantha, kathmandu",Residential
"रू. 2,00,00,000",HB-498A44,"Tenzing Chok,",Not Available,Negotiable,8 months ago,2023-09-30,House - Individual,0,3,3,3,Pitched,car and bike parking,3,0,Non,0,13 - 20 Ft.,https://hamrobazaar.com/for-sale-house/house-on-sale-in-nepal/498a44a054c244988a06abf3df34caec,,
"रू. 1,45,00,000",HB-1BE883,"Basundhara Golfutar Bansbari Gongabu, Dhapasi Area, Kathmandu",Not Available,Negotiable,4 months ago,2023-06-30,HouseIndividual,1,1.5,2,4,Pitched,,2.5,......,Full,1,LessThan5Ft,https://hamrobazaar.com/for-sale-house/house-sale-in-kathmandu/1be883c9f2db4841aa93ac0e51d02c5a,,Year
"रू. 5,60,00,000",HB-22B9B2,"Golfutar Area, Kathmandu",Not Available,Negotiable,11 months ago,2023-09-30,House - Individual,",",3.5 and underground space,",",",",Pitched,,6Anna,",",Non,",",13 - 20 Ft.,https://hamrobazaar.com/for-sale-house/house-on-sale-in-kathmandu/22b9b20c1cc048b69a9731cfc6902dc2,,
"रू. 3,80,00,000",HB-9CD51E,"Talchhikhel Naya Basti Bodhigram Gwarko Nakhipot Hattiban Khumaltar, Satdobato Area, Lalitpur",Not Available,Not Negotiable,4 months ago,2023-07-14,HouseIndividual,2,2.5,4,5,Pitched,,4.2,1439,Non,2,ThirteenToTwentyFeet,https://hamrobazaar.com/for-sale-house/house-on-sale-at-sampang-chowk-code-no-gjbhos-3389-in-lalitpur/9cd51ed8d53b49fa901e89e9fc421987,,
"रू. 3,25,00,000",HB-E0B897,gangabu,Not Available,Negotiable,8 months ago,2023-06-30,,,,,,,,,,,,,https://hamrobazaar.com/for-sale-house/house-for-sale-gangabu-325-lakhs-in-nepal/e0b8974164774d8aa19c890588b8855c,,
"रू. 3,10,00,000",HB-7CCE80,"Nagarjun ,",Available,Not Negotiable,1 years ago,2023-07-16,House - Individual,,,,,Pitched,,4.50,,,,,https://hamrobazaar.com/for-sale-house/beautiful-residential-house-on-sale-at-nagarjun-in-nepal/7cce804377e341cbbe1f8ad9c3d258a0,,
"रू. 5,25,00,000",HB-C18C51,"Gusingal (Sanepa), Lalitpur",Not Available,Not Negotiable,5 months ago,2023-06-21,HouseIndividual,1,3,3,1,Pitched,,0-4-1-0,1000,Full,3,ThirteenToTwentyFeet,https://hamrobazaar.com/for-sale-house/house-on-sale-gusingal-sanepa-in-lalitpur/c18c514432c84d7f812df793e325954a,,
"रू. 3,15,00,000",HB-F1627D,"सीतापाखा, इमाडोल",Not Available,Negotiable,29 days ago,2023-06-17,House - Individual,2,3,4,5,Soil (Mato),,3,0,Full,2,13 - 20 Ft.,https://hamrobazaar.com/for-sale-house/in-nepal/f1627dd3606646bc800f4c54033a59df,,
"रू. 3,60,00,000रू. 3,50,00,000",HB-D8A659,"Sano Thimi, Bhaktapur",Not Available,Not Negotiable,5 months ago,2023-07-17,HouseIndividual,2,3.5,3,9,Pitched,,5 Anna,2955 sq.ft,Full,2,NineToTwelveFeet,https://hamrobazaar.com/for-sale-house/fully-furnished-house-on-sale-in-sano-thimi-in-bhaktapur/d8a6593e401d43358143a56984c5c34f,Near to CTEVT,
"रू. 6,90,00,000",HB-2706848,Kathmandu > Chapali (Budhanilkantha),Not Available,Not Negotiable,2 years ago,2023-08-11,,1,2.5,4,3,Pitched,"2, 3, 5, Garden, Parking Space, Servant Quarter",14,,,,13 to 20 feet,https://hamrobazaar.com/for-sale-house/14-ana-land-on-sale-in-chapali-in-kathmandu/8aa0d8d76a674f3c8bffa2de892cf8a0,Chapali bhudanilkantha,
"रू. 6,00,00,000",HB-53926C,"Sanepa, Lalitpur",Not Available,Not Negotiable,1 months ago,2023-07-02,HouseIndividual,1,2.5,1,1,Pitched,,0-5-0-0,1,Full,1,ThirteenToTwentyFeet,https://hamrobazaar.com/for-sale-house/house-on-sale-sanepa-in-lalitpur/53926c1727c34c44b8e1e1c51664add8,,
"रू. 1,80,00,000",HB-B3A74A,"Chaitya restaurant, Kirtipur Ring Road, Man-dah-phal-cha, Nagaon, Kirtipur, Kathmandu",Not Available,Negotiable,8 months ago,2023-10-15,House - Individual,2,3,3,3,Pitched,,3,990,Non,1,13 - 20 Ft.,https://hamrobazaar.com/for-sale-house/house-on-sale-in-kathmandu/b3a74a2f036f490cb629203ceec01bb4,,Personal use
"रू. 2,50,00,000",HB-18CBFC,"Imadol (Mahalaxmi), Lalitpur",Not Available,Not Negotiable,4 months ago,2023-06-15,HouseIndividual,1,2.5,3,4,Others,,0-3-2-0,1000,Non,1,ThirteenToTwentyFeet,https://hamrobazaar.com/for-sale-house/house-on-sale-ochu-height-imadol-in-lalitpur/18cbfc27e86e476fbf86c671d944c3b9,,
"रू. 2,65,00,000",HB-3745DE,"Imadol-Hattiban Road, Sitapakha, Imadol, Mahalaxmi, Lalitpur, Bagmati Pradesh, 44705, Nepal",Not Available,Not Negotiable,4 months ago,2080-12-12,HouseIndividual,2,2.5,4,5,Pitched,,4 anna,3 anna,Semi,2,ThirteenToTwentyFeet,https://hamrobazaar.com/for-sale-house/nakkhipot-house-in-lalitpur/3745deae2ac44d5abc720609e7e3f16f,,
"रू. 4,30,00,000",HB-35ACC8,"Gamcha (Ananta), Bhaktapur",Not Available,Not Negotiable,6 months ago,2024-12-12,HouseInColony,1,2.5,4,5,Pitched,,7 A,0,Semi,1,ThirteenToTwentyFeet,https://hamrobazaar.com/for-sale-house/brand-new-house-on-sale-at-gamcha-bhaktapur-in-bhaktapur/35acc8e5eaf5425298b15fecadee9ce1,,
"रू. 6,35,00,000",HB-11C015,"Sanepa, Lalitpur",Not Available,Negotiable,1 months ago,2027-03-01,Bunglow,2,2.5,6,5,Pitched,,5 Aana,1,Non,1,ThirteenToTwentyFeet,https://hamrobazaar.com/for-sale-house/brand-new-house-for-sale-at-sanepa-lalitpur-in-lalitpur/11c015e98165444bacd0d434f0a43f63,Sanepa,
"रू. 8,50,00,000",HB-2867612,Kathmandu > Narayanthan (Budhanilkantha),Not Available,Negotiable,2 years ago,2023-07-31,,2,3.5,4,4,Pitched,"2, 3, 6, Garden, Parking Space, Security Guards",10 A,3400,Semi,,Above 20 feet,https://hamrobazaar.com/for-sale-house/amazing-bungalow-in-budhanilakantha-for-sale-in-kathmandu/1da74347ae184c30ac0e96c971e4d156,Near taulung school Ward no. 1,2 years
"रू. 8,75,00,000",HB-F60803,"Bhat Bhateni Naxal Handigaun Gairidhara , Tangal Area, Kathmandu",Not Available,Negotiable,6 months ago,2023-06-30,HouseIndividual,2,2.5,4,4,Pitched,,9.75,2700,Semi,1,ThirteenToTwentyFeet,https://hamrobazaar.com/for-sale-house/house-for-sale-at-bhatbhotani-dhalko-in-kathmandu/f6080376edec40b9a056050d839b4062,,
"रू. 3,80,00,000",HB-4667CA,"Gothatar (Kageshwor), Kathmandu",Not Available,Not Negotiable,10 months ago,2023-06-28,House - Individual,4,4,5,8,Pitched,,4,3500,Non,4,13 - 20 Ft.,https://hamrobazaar.com/for-sale-house/house-on-sale-at-gothatar-in-kathmandu/4667ca3e45bf43bb9956470a42b2c6b5,gandhi school near,
"रू. 13,00,00,000",HB-B5B6CF,"Dhapasi (Tokha), Kathmandu",Available,Negotiable,10 months ago,2023-07-31,Bunglow,4,2,8,4,Pitched,,14.5,0,Semi,2,Above 20 Ft.,https://hamrobazaar.com/for-sale-house/bunglow-on-sale-at-dhapasi-in-kathmandu/b5b6cfef3df04ffeb83967259a179376,,
"रू. 12,50,00,000",HB-84F83A,"Chundevi (Maharajgunj), Kathmandu",Not Available,Negotiable,23 days ago,2023-07-06,HouseIndividual,1,2.5,3,4,Pitched,,10 aana,0,Non,1,ThirteenToTwentyFeet,https://hamrobazaar.com/for-sale-house/house-on-sale-at-maharajgunj-kanti-in-kathmandu/84f83a6c5df94609acca2528a40c5f09,,
"रू. 1,65,00,000",HB-3014253,Kathmandu > Khadka Bhadrakali (Budhanilkantha),Not Available,Negotiable,1 years ago,2023-12-10,,1,1,3,2,Pitched,Parking Space,5,,Non,,13 to 20 feet,https://hamrobazaar.com/for-sale-house/house-for-sale-at-budhanilkantha-ganesh-chowk-in-kathmandu/daca52ae3de84721ad0d7d961a359b65,Budhanilkantha Ganesh school,
"रू. 11,50,00,000",HB-B8CC89,"Narayanthan (Budhanilkantha) , budanilkantha",Available,Not Negotiable,1 years ago,2023-09-17,House - Individual,,,,,Pitched,,8aana,,,,13 - 20 Ft.,https://hamrobazaar.com/for-sale-house/beautiful-house-on-sale-at-rudreshwor-narayanthan-in-nepal/b8cc89511bc8406184100ba80eede54b,,
"रू. 1,80,00,000",HB-AEE8B9,खड्कागाउँ,Not Available,Negotiable,4 days ago,2023-06-19,House - Individual,1,1,1,3,Pitched,,4,0,Non,1,13 - 20 Ft.,https://hamrobazaar.com/for-sale-house/house-on-sale-at-pasikot-budhanilkantha-in-nepal/aee8b99023124ea2bf89fdd03a5c6e27,,
"रू. 2,60,00,000",HB-3DD0D0,"थानकोट, Chandragiri, चन्द्रागिरी नगरपालिका, काठमाडौं, Bagmati Pradesh, नेपाल",Not Available,Not Negotiable,1 months ago,2023-06-15,,,,,,,,,,,,,https://hamrobazaar.com/for-sale-house/urgent-thankot-chandragiri-near-3-oda-no-office-in-nepal/3dd0d05844204b40a7ec3d1ccc550c2b,,
"रू. 3,50,00,000",HB-9AFAF6,"SHARAN HATS AND GARMEMT EXPORT INDUSTRIES, Khushibu Bishnumati Kinaar Right, Dallu, Chamati, Kathmandu, Kathmandu Metropolitan City, Kathmandu, Bagmati Pradesh, 20356, Nepal",Not Available,Negotiable,3 months ago,2023-06-30,HouseIndividual,2,3.5,2,4,Pitched,,3.2,NA,Non,1,AboveTwentyFeet,https://hamrobazaar.com/for-sale-house/house-for-sale-in-chamati-town-planning-350-cr-in-kathmandu/9afaf6b4747141d4b5db2be1868952fc,,
"रू. 13,00,00,000",HB-2988444,Kathmandu > Battisputali (Old Baneshwor),Not Available,Not Negotiable,1 years ago,2023-07-23,,,,,,Pitched,,11,,,,13 to 20 feet,https://hamrobazaar.com/for-sale-house/11-aana-wid-house-at-battisputali-on-sale-in-kathmandu/bf9832f254b444ba85e5a1580cf58f8e,Few mtr away frm petrol pump. Cksnareshsuwcks,
"रू. 2,75,00,000",HB-6AB020,Imadol,Not Available,Negotiable,6 months ago,2028-01-26,House - Individual,2,3,4,5,Pitched,,0302,0,Full,2,13 - 20 Ft.,https://hamrobazaar.com/for-sale-house/imadol-shital-height-downtown-in-nepal/6ab020535aea4bcda227fe212a3c32fa,,
"रू. 2,40,00,000",HB-6516CF,"akashedhara, Akasedhara (Kapan), Kathmandu",Available,Not Negotiable,11 months ago,2023-07-30,House - Individual,2,2.5,3,6,Pitched,,3,679,Semi,2,9 - 12 Ft.,https://hamrobazaar.com/for-sale-house/house-on-sale-at-kapan-in-kathmandu/6516cf832ff54813b772c7f7ee850719,,
"रू. 2,75,00,000",HB-581F66,"Khadkagaon, Budhanilkantha, Kathmandu, Bagmati Pradesh, 22644, Nepal",Not Available,Negotiable,4 months ago,2023-07-01,HouseIndividual,3,2.5,4,5,Pitched,,4 aana,N/A,Non,3,ThirteenToTwentyFeet,https://hamrobazaar.com/for-sale-house/house-for-sale-at-hattigauda-budhanilkantha-in-kathmandu/581f663bb3574bacb760fccee85f2c30,,
"रू. 4,60,00,000",HB-C4620A,"Khumaltar, Lalitpur",Not Available,Negotiable,5 months ago,2023-07-30,HouseIndividual,2,2.5,4,5,Pitched,,4.5,2700sqf,Semi,2,ThirteenToTwentyFeet,https://hamrobazaar.com/for-sale-house/house-for-sale-at-khumaltar-lalitpur-in-lalitpur/c4620ac0299e4ba59d1b758de952392b,,
"रू. 1,20,00,000",HB-570812,"Urlabari, Uralabari, Morang, Province #1, 56604, Nepal",Not Available,Negotiable,9 months ago,2023-08-31,House - Individual,1,2.5,1,9,Pitched,,11,3299,Semi,0,Above 20 Ft.,https://hamrobazaar.com/for-sale-house/house-for-sale-in-morang/57081228b47e4415add175226209497d,,
"रू. 2,40,00,000",HB-4E9861,"Imadol-Hattiban Road, इमाडोल",Not Available,Negotiable,15 hours ago,2023-07-14,House - Individual,2,3,4,4,Gravel,,3,2564,Semi,2,13 - 20 Ft.,https://hamrobazaar.com/for-sale-house/in-nepal/4e9861a3ccb6f374a92ce17946dcaa06,,no
"रू. 2,55,00,000",HB-830799,"Tikathali (Mahalaxmi), Lalitpur",Not Available,Negotiable,4 months ago,2023-07-31,HouseIndividual,2,2.75,3,7,Gravel,O,3.2.1,O,Non,2,ThirteenToTwentyFeet,https://hamrobazaar.com/for-sale-house/tikathali-naya-ghar-bikrima-321aana-in-lalitpur/830799d631ab4369bd8690f015ee9711,Tikathali gabish -5,O
"रू. 5,60,00,000",HB-3C73B1,"Bhangal (Budhanilkantha) , bangal",Available,Negotiable,1 years ago,2023-12-29,House - Individual,3,2.5,3,6,Pitched,"Parking, Water supply, Peaceful Area",8,,Non,3,13 - 20 Ft.,https://hamrobazaar.com/for-sale-house/house-on-sale-at-budhanilkhantha-in-nepal/3c73b1fe03f846b9a147fc18f6811a10,,
"रू. 3,25,00,000",HB-3039033,Kathmandu > Bafal,Not Available,Negotiable,1 years ago,2024-04-04,,,4,6,16,Pitched,,6,800,Semi,,13 to 20 feet,https://hamrobazaar.com/for-sale-house/house-for-sale-bafal-matadevi-petrol-pump-bata-1-in-kathmandu/6526de0399e945c89de4705188fd84c8,à¤¬à¤¾à¤«à¤² à¤®à¤¤à¤¦à¥‡à¤µà¥€ à¤ªà¥‡à¤Ÿà¥à¤°à¥‹à¤² à¤ªà¤®à¥à¤ª à¤¬à¤¾à¤Ÿ à¥§à¥«à¥¦ à¤®à¥€à¤Ÿà¤° à¤­à¤¿à¤¤à¥à¤°,7 years
"रू. 3,50,00,000",HB-3023340,Kathmandu > Kalanki,Not Available,Negotiable,1 years ago,2030-05-26,,2,5,8,20,Pitched,,,1500,,,13 to 20 feet,https://hamrobazaar.com/for-sale-house/kalanki-ko-ghar-bikri-ma-in-kathmandu/8cca2844651a473aae88f62b3ba324a4,Kalanki pool,1 year
"रू. 1,40,00,000",HB-01FB30,"kritipur, Dhalpa (Kirtipur), Kathmandu",Available,Not Negotiable,8 months ago,2023-12-12,House - Individual,0,0,0,0,Others,,3,0,Full,0,13 - 20 Ft.,https://hamrobazaar.com/for-sale-house/house-on-sale-at-kirtipur-in-kathmandu/01fb30f9a4634c3097ed8f9e960ef960,,
"रू. 1,85,00,000",HB-2550C0,"Yogikuti, Rupandehi (Butwal)",Not Available,Not Negotiable,8 days ago,2023-07-08,HouseIndividual,2,2,4,4,Pitched,,9.5 Dhur,2050,Non,2,ThirteenToTwentyFeet,https://hamrobazaar.com/for-sale-house/house-on-sale-in-rupandehi/2550c046fdb94c7b8339004c88b84218,,
"रू. 2,40,00,000",HB-04F283,"सीतापाखा, इमाडोल",Not Available,Negotiable,29 days ago,2023-06-17,House - Individual,2,3,4,5,Soil (Mato),,0230,0,Full,2,13 - 20 Ft.,https://hamrobazaar.com/for-sale-house/in-nepal/04f283c5454045c38ed7d6f1e0ee7d98,,
"रू. 5,75,00,000",HB-03F30F,"त्रिमूर्ति एकेडेमी, Jana Marg, Milijuli Tol, Chappal Karkhana, Kathmandu",Not Available,Negotiable,11 months ago,2024-07-27,Bunglow,1,..,2,4,Pitched,,0-6-0-0,..,Semi,1,9 - 12 Ft.,https://hamrobazaar.com/for-sale-house/basghari-ma-6-aana-ma-baneko-bungalow-bikrima-in-kathmandu/03f30f96857a47bb95c77d7d1c839e81,,
"रू. 12,50,00,000",HB-3CC2AE,"Sanepa, Lalitpur",Not Available,Negotiable,7 months ago,2025-12-21,Bunglow,2,2.5,7,7,Pitched,,12.4,5000,Non,2,Above 20 Ft.,https://hamrobazaar.com/for-sale-house/bungalow-for-sale-at-sanepa-in-lalitpur/3cc2ae0b0c844fff86dc71ab931a952e,Sanepa Lalitpur,
"रू. 3,50,00,000",HB-2227264,Kathmandu > Mandikatar (Dhumbarahi),Not Available,Not Negotiable,3 years ago,2024-05-31,,,2.5,,,Pitched,"3, Parking Space",4.5,,,,13 to 20 feet,https://hamrobazaar.com/for-sale-house/45-ana-land-25-storied-house-on-sale-mandikhatar-in-bara/a9bf1238ff8e49d388e24815d5545ab7,mandikatar,
"रू. 2,20,00,000",HB-A18AF2,"एकता नगर चोक, खड्काटोल, खड्कागाउ, ललितपुर महानगरपालिका, ललितपुर, Bagmati Pradesh, नेपाल",Not Available,Negotiable,3 months ago,2023-07-26,House - Individual,2,2,8,8,Soil (Mato),,3,1169,Non,2,13 - 20 Ft.,https://hamrobazaar.com/for-sale-house/tikathali-lalitpur-ma-ghar-bikri-ma-in-nepal/a18af212d4c244419ceb91375d753bf7,,
"रू. 4,50,00,000",HB-CB0647,"Imadol (Mahalaxmi), Lalitpur",Available,Not Negotiable,8 months ago,2023-11-19,House - Individual,0,2,4,0,Pitched,,5,0,Full,0,13 - 20 Ft.,https://hamrobazaar.com/for-sale-house/residential-house-on-sale-at-imadol-in-lalitpur/cb0647dd2a5a42728e30a3972d5502b3,,
"रू. 2,50,00,000",HB-B089B4,"sanogaon sanogaun, Sanagau (Mahalaxmi), Lalitpur",Not Available,Negotiable,11 days ago,2030-01-01,HouseIndividual,1,3,1,1,Gravel,,3.1.0,1,Full,1,ThirteenToTwentyFeet,https://hamrobazaar.com/for-sale-house/sanogau-3-in-lalitpur/b089b4827eb14c028e02329565c5ea6f,,
"रू. 3,40,00,000",HB-08A2AD,"Achham (Other Area), Achham",Not Available,Negotiable,11 days ago,2023-07-05,HouseIndividual,2,3,4,5,Pitched,"public transportation, near by hospitals, college and schools, temples, etc",Land area :- 4 aana 1 paisa,2940 sq.ft,Non,2,ThirteenToTwentyFeet,https://hamrobazaar.com/for-sale-house/in-nepal/08a2adafec754b548ed543a1d591d619,https://maps.app.goo.gl/vhdg5x4cxHmHwJa27?g_st=iv,Residential for one year
"रू. 4,50,00,000",HB-AA7EA4,"new baneshwar naya baneswor sankhamul, Shankhamul (New Baneshwor), Kathmandu",Available,Not Negotiable,11 months ago,2023-07-30,House - Individual,0,5.5,4,6,Pitched,,0,0,Non,0,13 - 20 Ft.,https://hamrobazaar.com/for-sale-house/house-on-sale-at-shankhamul-in-kathmandu/aa7ea4462f634f7c9414f3d80f823419,,
"रू. 2,50,00,000",HB-4022FB,"Imadol (Mahalaxmi), Lalitpur",Available,Negotiable,7 months ago,2023-07-31,House - Individual,2,2.5,3,5,Pitched,,2.75,1550,Full,2,13 - 20 Ft.,https://hamrobazaar.com/for-sale-house/house-on-sale-at-imadol-in-lalitpur/4022fba2b20447ed9c6c61686ab619b8,,
"रू. 3,80,00,000",HB-66F874,"stock broker office, Ghumti Kumari Marg, Turning, Baneshwar, Kathmandu, Bagmati Pradesh, 44703, Nepal",Not Available,Negotiable,7 months ago,2023-06-28,HouseIndividual,2,3.5,3 with 1 M.B. Attached,6,Pitched,"Centre Area with Near School, Collage, Hospital, Bank & Market",3 Aana,3300,Semi,2,ThirteenToTwentyFeet,https://hamrobazaar.com/for-sale-house/house-sale-at-gumti-kumari-marg-baneshwor-in-kathmandu/66f8748590da4b04be888bdc71054906,Baneshwor,Residental
"रू. 4,70,00,000",HB-7D034B,"budanilkantha, Budhanilkantha, Kathmandu",Not Available,Negotiable,8 days ago,2023-07-08,HouseIndividual,2,2.5,5,4,Pitched,Good,6,2200,Semi,1,ThirteenToTwentyFeet,https://hamrobazaar.com/for-sale-house/house-on-sale-at-budalinkantha-kathmandu-in-kathmandu/7d034b37e5794dc381868d1454823810,Near by park village,
"रू. 4,35,00,000",HB-62D472,Lalitpur,Not Available,Negotiable,7 months ago,2023-11-24,Bunglow,2,3,4,5,Pitched,,55,1700,Semi,1,9 - 12 Ft.,https://hamrobazaar.com/for-sale-house/attractive-bungalow-on-sell-in-lalitpur/62d472ec08d24e3d98cec16292835129,,
"रू. 1,40,00,000",HB-FD4B17,"budanilkantha, Pasikot (Budhanilkantha), Kathmandu",Available,Not Negotiable,12 months ago,2023-12-10,House - Individual,,2,,,Gravel,,3.2,,,,5 - 8 Ft.,https://hamrobazaar.com/for-sale-house/32-ana-house-for-sale-at-budhanilkantha-pasikot-in-kathmandu/fd4b176192a04655bfc424fca41d1d46,,
"रू. 3,40,00,000",HB-0FE7B3,"Sawane Mul Marg, NAST research centre, Satdobato",Available,Negotiable,6 months ago,2023-06-15,House - Individual,4,5,6,14,Pitched,,3,2000,Semi,3,13 - 20 Ft.,https://hamrobazaar.com/for-sale-house/beautiful-house-on-sale-satdobato-swimming-pool-in-nepal/0fe7b35ce3684a4bbfab85bc38db1984,,
"रू. 2,65,00,000",HB-CFD79D,"Thulo Bharyang, Kathmandu",Not Available,Not Negotiable,4 months ago,2023-06-21,HouseIndividual,1,2.5,1,1,Pitched,,0-3-0-0,1000,Full,1,ThirteenToTwentyFeet,https://hamrobazaar.com/for-sale-house/house-on-sale-thulo-bharyang-in-kathmandu/cfd79d6de0a049a882ca3c08ab0160e5,,
"रू. 1,75,00,000",HB-3BFFD1,"Lubhu (Mahalaxmi), Lalitpur",Not Available,Negotiable,1 months ago,2024-09-06,HouseIndividual,1,G+1,2,3,Gravel,,4,less than 1000,Non,1,NineToTwelveFeet,https://hamrobazaar.com/for-sale-house/house-on-sale-or-exchange-with-lands-in-lubhu-in-lalitpur/3bffd1c696154e52b77ab06af14eec30,"Chasidol, Lubhu, Lalitpur",Own purpose
"रू. 1,80,00,000",HB-C74EC0,"Pepsicola (Kadaghari), Kathmandu",Available,Not Negotiable,8 months ago,2023-12-19,House - Individual,0,2.5,3,4,Pitched,,2.2,0,Full,2,13 - 20 Ft.,https://hamrobazaar.com/for-sale-house/house-on-sale-harhar-mahadev-near-nepal-transport-in-kathmandu/c74ec011b170467b803d01c228433381,,
"रू. 99,99,999",HB-649D19,"Chandragiri Cable Car Base Station, Chandragiri, Nepal",Not Available,Negotiable,1 years ago,2023-06-30,House - Individual,1,1.5,1,1,Pitched,shutter,2.5,885.63,Non,1,13 - 20 Ft.,https://hamrobazaar.com/for-sale-house/in-nepal/649d19f53f914e039c483df85c7b4dd9,,2 yrs
"रू. 2,25,00,000",HB-2934530,Lalitpur > Imadol (Mahalaxmi),Not Available,Not Negotiable,2 years ago,2025-06-05,,2,3.5,5,7,Soil (Mato),"3, Parking Space",3.1A,,Non,,Less than 5 feet,https://hamrobazaar.com/for-sale-house/newly-built-beautiful-strong-house-on-sale-in-lalitpur/3c65a40ee9c04cbf929dc328bcc1d792,"Imadol, Mahalaxmi, Lalitpur",1year
"रू. 1,10,00,000",HB-DEA9A6,"Thamel, Kathmandu",Not Available,Negotiable,11 days ago,2023-09-01,HouseIndividual,1,5,3,3,Pitched,,0.22,213,Semi,1,FiveToEightFeet,https://hamrobazaar.com/for-sale-house/house-for-sale-in-thamel-near-chhaya-center-in-kathmandu/dea9a6a81b984679b35ccf9ba608b6d6,,
"रू. 4,60,00,000",HB-7A90C6,"Kenji International School, Subidha Marg, Mahadevasthan, Subidhanagar, Kathmandu, Kathmandu Metropolitan City, Kathmandu",Not Available,Negotiable,23 days ago,2023-06-24,House - Individual,2,4,4,7,Pitched,Subidha sampana,4,3500,Semi,2,Above 20 Ft.,https://hamrobazaar.com/for-sale-house/realstate-in-kathmandu/7a90c65468db43e0ad3562b5c43865b8,,Used
"रू. 13,50,00,000",HB-F1D874,"purano baneshwar old baneshwor, Purano Baneshwor (Old Baneshwor), Kathmandu",Not Available,Not Negotiable,4 months ago,2023-07-31,HouseIndividual,O,2.5,O,O,Pitched,O,12,O,Full,O,AboveTwentyFeet,https://hamrobazaar.com/for-sale-house/baneshwor-banglow-for-sale-in-kathmandu/f1d8743580e54ee88836de35851467a8,Old baneshwor chok,O
"रू. 5,50,00,000",HB-2714798,Kathmandu > Baluwatar,Not Available,Not Negotiable,2 years ago,2023-10-28,,,2.5,,,Pitched,,5,,,,13 to 20 feet,https://hamrobazaar.com/for-sale-house/5-aana-two-side-road-baluwatar-house-open-all-side-in-kathmandu/7024022bd36640ba94e8c5c4f0bf4867,Few MTR from big mart baluwatar Cksmohancks,
"रू. 4,50,00,000",HB-8E2946,"Narayan Gopal Chowk, Basundhara",Not Available,Negotiable,9 months ago,2025-11-30,House - Individual,3,3,4,4,Pitched,All,5,1800,Semi,2,13 - 20 Ft.,https://hamrobazaar.com/for-sale-house/43-in-nepal/8e29462082cf4eda95ef85ad9a421b68,,
"रू. 3,95,00,000",HB-1BC8F3,Imadol,Not Available,Negotiable,7 months ago,2023-06-24,House In a Colony,2,3,3,4,Pitched,rich family n good family,4,2000,Semi,2,13 - 20 Ft.,https://hamrobazaar.com/for-sale-house/imadol-rajkulo-beatiful-house-on-sale-in-nepal/1bc8f30974dc440ca1fffe27834c84cb,imadol rajkulo,stay
"रू. 3,50,00,000",HB-DE0804,Imadol,Not Available,Negotiable,9 months ago,2024-12-31,House - Individual,2,3,4,5,Soil (Mato),,4,0,Full,2,13 - 20 Ft.,https://hamrobazaar.com/for-sale-house/imadol-gwarko-kist-hospital-najeek-in-nepal/de0804497c35448bb894f3ba7b5629fe,,
"रू. 3,15,00,000",HB-7E05B6,Imadol,Not Available,Negotiable,6 months ago,2030-01-30,House - Individual,2,3,4,5,Soil (Mato),,0313,0,Full,2,13 - 20 Ft.,https://hamrobazaar.com/for-sale-house/imadol-shital-height-tampo-park-in-nepal/7e05b6db726b48478e295fd31c9875ea,,
"रू. 1,65,00,000",HB-355A92,"Kathmandu, Bagmati Pradesh, Nepal",Not Available,Negotiable,9 days ago,2023-07-31,HouseIndividual,1,1 Floor,1,2,Gravel,,3 Anna,1050 sqr.ft,Semi,1,ThirteenToTwentyFeet,https://hamrobazaar.com/for-sale-house/sale-urgent-house-in-new-naikap-kathmandu-in-kathmandu/355a92ff4fa34eecab3547fe837afd89,,
"रू. 2,55,00,000",HB-D944E9,Imadol,Not Available,Negotiable,6 months ago,2023-10-31,House - Individual,3,4,4,3,Pitched,,3,1065,Semi,4,9 - 12 Ft.,https://hamrobazaar.com/for-sale-house/house-for-sale-in-imadol-in-nepal/d944e9c220614bcc964ace25bda28ebc,near krishna mandir,
"रू. 82,00,000",HB-FD2B5B,"Basantapur Area, Kathmandu",Not Available,Not Negotiable,10 months ago,2023-08-19,Others,5,5,2,non,Pitched,All good condition,3paiaa.,60ft,Full,3,5 - 8 Ft.,https://hamrobazaar.com/for-sale-house/in-kathmandu/fd2b5bccf9de425cbc55ac90055ce786,,long time
"रू. 2,75,00,000",HB-979F7B,"Bhaktapur City, Bhaktapur",Available,Negotiable,10 months ago,2023-07-30,House - Individual,1,2.5,3,3,Pitched,,5,925,Non,2,13 - 20 Ft.,https://hamrobazaar.com/for-sale-house/house-on-sale-at-bhaktapur-in-bhaktapur/979f7b9e78f84a8d91d748a998aaaa3a,,
